Partition,Algorithm,BlendWeight,User,TestTime,NAttempted,NGood,Coverage,RMSE,Predict.nDCG,Predict.nDCG.Raw,TopN.nDCG,AvgPrec,Rank,RecipRank
5,lucene,,370,7.963,5,5,1.0,0.5961688259009109,0.9851295720965634,16.56189012336513,0.0,0.0,,0.0
5,lucene,,910,1.057,5,5,1.0,0.5462211407731823,0.9793440298552835,13.4964252465794,0.0,0.0,,0.0
5,lucene,,975,0.659,5,5,1.0,0.4336583954658378,0.9946711300744834,12.219480655897856,0.0,0.0,,0.0
5,lucene,,1015,0.31,5,5,1.0,0.8235631480175595,0.979538163945184,13.81189012336513,0.0,0.0,,0.0
5,lucene,,3029,0.358,5,5,1.0,0.7000730766641856,0.9181015812188317,9.184818934934551,0.0,0.0,,0.0
5,lucene,,7541,0.117,5,5,1.0,0.4972102169394691,0.9734735694957938,15.946678442077467,0.0,0.0,,0.0
5,lucene,,8527,0.1,5,4,0.8,0.5392593047182234,0.9237591201935975,15.654648767857287,0.0,0.0,,0.0
5,lucene,,8932,0.216,5,5,1.0,0.8805245690275051,0.988220567325965,15.48134016304077,0.0,0.0,,0.0
5,lucene,,9263,0.135,5,5,1.0,0.713304392709704,0.9959009358215654,16.842693279187557,0.0,0.0,,0.0
5,lucene,,11081,0.165,5,5,1.0,0.2847653672071481,1.0,7.758000942002036,0.0,0.0,,0.0
5,lucene,,11513,0.145,5,5,1.0,0.7798067854413989,0.9366624186138395,13.877355000150859,0.0,0.0,,0.0
5,lucene,,11843,0.155,5,5,1.0,0.9666867818904167,0.9942010081976126,11.885072130432615,0.0,0.0,,0.0
5,lucene,,12271,0.133,5,5,1.0,1.0039502157415117,0.955970344404516,12.019860449144952,0.0,0.0,,0.0
5,lucene,,12882,0.109,5,5,1.0,0.3287007305555148,1.0,16.52722840240183,0.0,0.0,,0.0
5,lucene,,12947,0.1,5,5,1.0,0.4678911865340707,0.9935531493733645,15.430960369793672,0.0,0.0,,0.0
5,lucene,,13215,0.154,5,5,1.0,0.6136287667075161,0.9732265720199264,13.41587528625504,0.0,0.0,,0.0
5,lucene,,13665,0.127,5,5,1.0,0.8541178498300892,0.9914512991669996,15.184818934934553,0.0,0.0,,0.0
5,lucene,,13920,0.122,5,5,1.0,1.0724794520865828,0.9631614100644674,15.296172051081339,0.0,0.0,,0.0
5,lucene,,14328,0.123,5,5,1.0,0.4316287893351083,0.9833678029712797,14.781086967542706,0.0,0.0,,0.0
5,lucene,,15415,0.106,5,5,1.0,0.6589870959863421,1.0,13.684818934934553,0.0,0.0,,0.0
5,lucene,,16766,0.128,5,5,1.0,1.241076086764041,0.8737456533249264,11.100410409469312,0.07830292097666736,0.043478260869565216,23,0.043478260869565216
5,lucene,,17709,0.139,5,4,0.8,0.3917178534777907,0.8922843849963459,12.77371901428583,0.0,0.0,,0.0
5,lucene,,18634,0.125,5,5,1.0,0.47195529841105316,0.9844162689785085,13.846551844328435,0.0,0.0,,0.0
5,lucene,,18758,0.129,5,5,1.0,0.4719471870697821,1.0,14.781086967542706,0.0,0.0,,0.0
5,lucene,,19178,0.06,5,5,1.0,0.8671516684070152,0.9672376237970814,16.80803155822425,0.0,0.0,,0.0
5,lucene,,19517,0.076,5,5,1.0,0.8077044924895488,0.9909882200955716,15.2464252465794,0.0,0.0,,0.0
5,lucene,,19800,0.14400000000000002,5,4,0.8,0.40561228392278986,0.8656885093767726,11.77371901428583,0.0,0.0,,0.0
5,lucene,,20530,0.41500000000000004,5,5,1.0,0.19336127917680657,1.0,12.25028381172028,0.0,0.0,,0.0
5,lucene,,22363,0.128,5,5,1.0,0.782471906504318,0.8577689632645539,3.9425360652163075,0.0,0.0,,0.0
5,lucene,,23171,0.11800000000000001,5,5,1.0,0.2044746244748176,1.0,9.404015779112127,0.0,0.0,,0.0
5,lucene,,25645,0.08700000000000001,5,5,1.0,0.39773599786625563,0.9877231018879242,14.846551844328435,0.0,0.0,,0.0
5,lucene,,26932,0.111,5,5,1.0,0.9704020179293213,0.9361081402061724,12.234565739436487,0.07838920475979964,0.047619047619047616,21,0.047619047619047616
5,lucene,,27456,0.08700000000000001,5,5,1.0,0.2501578254189401,0.9839351134072948,15.31189012336513,0.0,0.0,,0.0
5,lucene,,27474,0.053,5,4,0.8,1.8430900304850757,0.7003654556669565,8.630929753571458,0.0,0.0,,0.0
5,lucene,,27579,0.051000000000000004,5,5,1.0,0.4180870584173739,1.0,13.885072130432615,0.1620445309080218,0.25,4,0.25
5,lucene,,27838,0.11,5,5,1.0,0.37990835047215393,0.9975296481987828,13.9964252465794,0.0,0.0,,0.0
5,lucene,,29474,0.085,5,5,1.0,0.6088243019670706,0.9921471083132289,12.65015721397125,0.0,0.0,,0.0
5,lucene,,31273,0.186,5,5,1.0,0.582399249506262,0.9877934142569617,13.40015721397125,0.0,0.0,,0.0
5,lucene,,31321,0.196,5,5,1.0,0.9059320747236423,0.9196948315155846,12.2464252465794,0.0,0.0,,0.0
5,lucene,,31362,0.124,5,5,1.0,0.30294097395116426,0.9870783558959012,14.096551844328435,0.0,0.0,,0.0
5,lucene,,32215,0.098,5,5,1.0,0.9935828508701944,0.954529601439396,14.369987046893984,0.0,0.0,,0.0
5,lucene,,33003,0.122,5,5,1.0,0.6605053962878931,0.9502182058451438,14.315748688506009,0.0,0.0,,0.0
5,lucene,,33173,0.064,5,5,1.0,0.9592654066457026,0.9395852701642028,13.516001884004073,0.0,0.0,,0.0
5,lucene,,34239,0.07200000000000001,5,5,1.0,0.6381015120460265,0.9867758426183791,13.769860449144952,0.10786206901725627,0.1,10,0.1
5,lucene,,35246,0.133,5,5,1.0,0.6971710472397555,0.9615730899668752,14.2464252465794,0.0,0.0,,0.0
5,lucene,,35983,0.09,5,5,1.0,0.6976061525138558,0.9672376237970814,16.80803155822425,0.0,0.0,,0.0
5,lucene,,36229,0.08600000000000001,5,5,1.0,0.29523009312062914,1.0,12.965622090756977,0.0,0.0,,0.0
5,lucene,,36628,0.116,5,5,1.0,0.6420025598050727,0.9584543196608462,11.534945532683583,0.0,0.0,,0.0
5,lucene,,36724,0.066,5,5,1.0,0.763280216292481,1.0,12.669733851395918,0.0,0.0,,0.0
5,lucene,,38052,0.046,5,4,0.8,0.5485688164889034,0.907714036972696,12.7082541375001,0.0,0.0,,0.0
5,lucene,,38159,0.165,5,4,0.8,0.6102271526802245,0.8830844397978909,13.27371901428583,0.0,0.0,,0.0
5,lucene,,38187,0.078,5,4,0.8,1.506098846486207,0.8358759983760321,7.892789260714372,0.0,0.0,,0.0
5,lucene,,38655,0.171,5,5,1.0,0.9774714397285762,0.9881919725749567,14.180960369793672,0.0,0.0,,0.0
5,lucene,,38957,0.167,5,4,0.8,0.3810037114442487,0.9033524866071587,14.089183891071558,0.0,0.0,,0.0
5,lucene,,39214,0.14400000000000002,5,5,1.0,0.8823720170053191,0.9333345946948909,14.00028381172028,0.0,0.0,,0.0
5,lucene,,41020,0.04,5,5,1.0,1.9258537808198155,0.8588600233999623,9.596551844328435,0.0,0.0,,0.0
5,lucene,,41244,0.139,5,5,1.0,0.7052673969092612,0.9946958282233567,13.00028381172028,0.0,0.0,,0.0
5,lucene,,42015,0.034,5,5,1.0,0.721161191576543,1.0,15.131213565291738,0.0,0.0,,0.0
5,lucene,,43068,0.136,5,5,1.0,0.7993682260918931,0.9892685959751228,12.781086967542706,0.0,0.0,,0.0
5,lucene,,43599,0.149,5,4,0.8,0.6210844812779509,0.983096215514348,12.52371901428583,0.0,0.0,,0.0
5,lucene,,45252,0.056,5,4,0.8,0.6152924242906863,0.8512481635015889,11.577324383928644,0.0,0.0,,0.0
5,lucene,,45619,0.156,5,5,1.0,1.377560262258863,0.9437562698697127,10.781086967542706,0.0,0.0,,0.0
5,lucene,,45854,0.08,5,5,1.0,0.4616349921957672,0.9730624654211245,15.696678442077467,0.0,0.0,,0.0
5,lucene,,46093,0.052000000000000005,5,5,1.0,0.7340966191656316,0.9740069305902042,11.965622090756977,0.0,0.0,,0.0
5,lucene,,46403,0.08600000000000001,5,5,1.0,0.8219426489071329,0.9861699152463491,14.004142376861159,0.0,0.0,,0.0
5,lucene,,47566,0.11,5,5,1.0,0.30202954796778353,0.9862958337928599,13.281086967542706,0.0,0.0,,0.0
5,lucene,,48512,0.11,5,5,1.0,1.7369566716549036,0.8461259120874903,6.638930695573493,0.0,0.0,,0.0
5,lucene,,49455,0.101,5,5,1.0,1.2624714747209569,0.965281398817448,13.919100862650758,0.0,0.0,,0.0
5,lucene,,49666,0.10300000000000001,5,5,1.0,0.6483256849687136,0.9672911626061824,12.850410409469312,0.0,0.0,,0.0
5,lucene,,51460,0.045,5,5,1.0,0.8855359375564084,0.9697090937450881,15.40015721397125,0.07284651522646682,0.05,20,0.05
5,lucene,,52208,0.07200000000000001,5,5,1.0,1.3487618569488242,0.9782156747520627,8.992282869718244,0.13655026714334104,0.08333333333333333,12,0.08333333333333333
5,lucene,,52520,0.125,5,5,1.0,1.406550352135029,0.9336643965762639,12.56189012336513,0.0,0.0,,0.0
5,lucene,,52762,0.13,5,4,0.8,0.9568112821143089,0.8665748053151161,12.089183891071558,0.0,0.0,,0.0
5,lucene,,53407,0.111,5,5,1.0,0.8988722855137675,0.9712268218853024,12.85812753975107,0.0,0.0,,0.0
5,lucene,,53819,0.049,5,5,1.0,1.126042646578779,0.9681136391376299,15.199904018473184,0.0,0.0,,0.0
5,lucene,,53877,0.10300000000000001,5,5,1.0,0.2741783231394016,0.981273983920174,13.100410409469312,0.0,0.0,,0.0
5,lucene,,54643,0.035,5,4,0.8,1.2548239471916787,0.8567977914684971,13.392789260714373,0.0,0.0,,0.0
5,lucene,,55679,0.08700000000000001,5,5,1.0,0.7756141761289054,0.9676223911377665,12.065748688506009,0.0,0.0,,0.0
5,lucene,,56222,0.081,5,5,1.0,0.5758500308625915,0.9295144116697094,12.781086967542706,0.058895056796492484,0.05,20,0.05
5,lucene,,56478,0.037,5,5,1.0,2.3030339746354547,0.8077944142629992,7.357494551005908,0.0,0.0,,0.0
5,lucene,,58346,0.14400000000000002,5,5,1.0,1.434570852909083,0.9014360334709998,12.35363598586503,0.0,0.0,,0.0
5,lucene,,61305,0.128,5,5,1.0,0.435464007921688,0.9927182159204826,13.65015721397125,0.0,0.0,,0.0
5,lucene,,62732,0.073,5,5,1.0,1.1554406788328717,0.9205392889052273,12.031086967542706,0.0,0.0,,0.0
5,lucene,,63018,0.098,5,5,1.0,1.0981617947443325,0.9306114860097878,12.796172051081339,0.0,0.0,,0.0
5,lucene,,63902,0.148,5,5,1.0,0.5413226072487872,0.9872431947926953,14.281086967542706,0.0,0.0,,0.0
5,lucene,,66455,0.136,5,5,1.0,0.4429391745454454,1.0,14.00028381172028,0.22957233859174922,0.20833333333333331,6,0.16666666666666666
5,lucene,,67352,0.139,5,3,0.6,0.7160717765042692,0.7728697301173394,10.02371901428583,0.0,0.0,,0.0
5,lucene,,68702,0.055,5,5,1.0,0.6290657583064027,1.0,15.031086967542706,0.0,0.0,,0.0
5,lucene,,68836,0.057,5,5,1.0,0.757694968079738,0.978657531920457,14.465622090756977,0.0,0.0,,0.0
5,lucene,,69374,0.047,5,5,1.0,0.422744683596598,0.9811324796093147,13.00028381172028,0.0,0.0,,0.0
5,lucene,,70835,0.07,5,5,1.0,0.6872422221052794,0.9722811928167682,15.377355000150859,0.0,0.0,,0.0
5,lucene,,71362,0.061,5,5,1.0,0.38484475996808976,0.9880295396928382,15.23134016304077,0.06645851112001132,0.047619047619047616,21,0.047619047619047616
5,lucene,,72229,0.134,5,5,1.0,0.642772519203664,1.0,13.885072130432615,0.07201979151467636,0.0625,16,0.0625
5,lucene,,72633,0.09,5,4,0.8,0.5123733555856959,0.8347099890381529,10.642789260714373,0.0,0.0,,0.0
5,lucene,,72766,0.20400000000000001,5,5,1.0,0.0837502178368598,1.0,10.219480655897856,0.0,0.0,,0.0
5,lucene,,72971,0.12,5,5,1.0,0.437293878658343,1.0,13.388930695573494,0.37344281733066603,1.0,1,1.0
1,ii,,316,0.331,5,5,1.0,0.9239445369578785,0.9972682952212241,12.654015779112127,0.0,0.0,,0.0
5,lucene,,73639,0.062,5,5,1.0,0.4142193123148586,0.9979382615096246,16.77722840240183,0.0,0.0,,0.0
5,lucene,,73947,0.096,5,5,1.0,0.38053653610908006,0.9886870790681735,16.12735500015086,0.0,0.0,,0.0
5,lucene,,74546,0.12,5,3,0.6,0.988796344702233,0.732783799117315,9.892789260714373,0.0,0.0,,0.0
1,ii,,1835,0.28600000000000003,5,5,1.0,0.596769074080696,0.9585093045982733,16.177101804652793,0.09875165075639929,0.125,8,0.125
5,lucene,,74743,0.055,5,5,1.0,0.820277213858591,0.9485444223053029,15.742566681438523,0.12909465190828034,0.09453781512605042,14,0.07142857142857142
5,lucene,,74849,0.136,5,5,1.0,0.767266833120203,0.9755589261205045,14.73134016304077,0.0,0.0,,0.0
5,lucene,,75001,0.075,5,5,1.0,0.3029731874752441,0.9973840770917946,13.215622090756977,0.0,0.0,,0.0
5,lucene,,75754,0.10300000000000001,5,5,1.0,0.9617419366159294,0.9172157550865487,10.35426897461019,0.0,0.0,,0.0
1,ii,,1935,0.374,5,5,1.0,0.7198875630844324,0.9596490363104239,12.715622090756977,0.0,0.0,,0.0
5,lucene,,76612,0.082,5,5,1.0,0.3638071382733987,0.9819221368338734,15.461763525616098,0.12283829541520153,0.16666666666666666,6,0.16666666666666666
5,lucene,,78497,0.08700000000000001,5,5,1.0,0.7493051697405457,0.9877934142569617,13.40015721397125,0.0,0.0,,0.0
5,lucene,,78774,0.09,5,5,1.0,0.5824432681011572,0.9804438224372349,15.815748688506009,0.0,0.0,,0.0
5,lucene,,79401,0.15,5,5,1.0,0.8388447781868072,0.9731688496743424,13.269227460399792,0.0,0.0,,0.0
1,ii,,2248,0.379,5,5,1.0,0.5690206434402527,0.9719905081338432,12.15015721397125,0.0,0.0,,0.0
5,lucene,,80585,0.038,5,5,1.0,0.6071863344301425,0.9672376237970814,16.80803155822425,0.23047664310129545,0.14523264683447748,5,0.2
5,lucene,,80874,0.114,5,4,0.8,0.9060732493762143,0.7694938569374505,11.2082541375001,0.0,0.0,,0.0
5,lucene,,82202,0.146,5,5,1.0,0.9746732509912458,0.9841868889698381,12.223339221038733,0.0,0.0,,0.0
5,lucene,,83479,0.035,5,5,1.0,1.6148405361562888,0.9975009550588538,13.83532532593068,0.0,0.0,,0.0
1,ii,,2702,0.424,5,5,1.0,0.39431639417626485,1.0,13.100410409469312,0.0,0.0,,0.0
5,lucene,,84549,0.107,5,4,0.8,0.554575889908462,0.8632878014262402,12.142789260714373,0.0,0.0,,0.0
5,lucene,,84752,0.10200000000000001,5,4,0.8,0.6476485395331324,0.8905778937430017,9.327324383928644,0.0,0.0,,0.0
5,lucene,,84948,0.11,5,4,0.8,0.5292921215205267,0.9234634601817592,10.392789260714373,0.0,0.0,,0.0
1,ii,,2847,0.25,5,5,1.0,1.2184006943515866,0.9353161837011692,11.619987046893984,0.0,0.0,,0.0
5,lucene,,85518,0.078,5,5,1.0,0.431736863725381,0.9649886593971192,13.781086967542706,0.0,0.0,,0.0
5,lucene,,85824,0.10300000000000001,5,5,1.0,0.12042208629700324,1.0,14.7464252465794,0.0,0.0,,0.0
5,lucene,,86309,0.034,5,5,1.0,1.4189521087376709,0.8806894791132881,10.25028381172028,0.0,0.0,,0.0
5,lucene,,86592,0.148,5,5,1.0,0.5318187725620233,0.9868517392686321,13.850410409469312,0.11238550090953205,0.1111111111111111,9,0.1111111111111111
5,lucene,,88266,0.146,5,5,1.0,0.7096135249229499,0.9585955133928701,13.180960369793672,0.0,0.0,,0.0
5,lucene,,88932,0.037,5,4,0.8,0.7294651388115649,0.819309232084675,10.392789260714373,0.0,0.0,,0.0
1,ii,,4347,0.561,5,5,1.0,1.0527770951680613,0.964203179496467,11.704395572359223,0.0,0.0,,0.0
5,lucene,,89274,0.065,5,5,1.0,1.117904441160402,1.0,16.446678442077467,0.0,0.0,,0.0
5,lucene,,89617,0.107,5,5,1.0,1.9779116967243238,0.8443485657402304,10.912016721114163,0.0,0.0,,0.0
5,lucene,,90145,0.088,5,5,1.0,0.8529212635142038,1.0,15.516001884004073,0.0,0.0,,0.0
5,lucene,,93203,0.046,5,4,0.8,0.5186868464631685,0.9211273530455819,15.089183891071558,0.07062303785905086,0.05,20,0.05
5,lucene,,93710,0.125,5,4,0.8,0.54902451325146,0.8790353746593994,9.892789260714373,0.0,0.0,,0.0
1,ii,,5063,0.453,5,5,1.0,0.4603609208752884,0.994477527300423,11.788804097824462,0.0,0.0,,0.0
5,lucene,,96320,0.094,5,5,1.0,0.8459213583424372,0.9820681254160126,12.865495493007945,0.0,0.0,,0.0
5,lucene,,96557,0.058,5,5,1.0,0.3258249197197951,0.985403467143771,16.87735500015086,0.0,0.0,,0.0
5,lucene,,97881,0.105,5,5,1.0,0.7494295475433063,0.9888344785513188,16.342693279187557,0.0,0.0,,0.0
1,ii,,6937,0.21,5,5,1.0,2.191669980074611,0.7601820427199728,7.204395572359222,0.0,0.0,,0.0
5,lucene,,98494,0.135,5,3,0.6,0.47352733978865136,0.6737650852409224,7.0773243839286435,0.0,0.0,,0.0
5,lucene,,98792,0.074,5,5,1.0,1.168466320111368,0.9881183381691238,15.346551844328435,0.3219349689077872,0.5,2,0.5
5,lucene,,99471,0.066,5,5,1.0,0.786614399073194,0.9293641297928911,12.346551844328435,0.0,0.0,,0.0
5,lucene,,102668,0.111,5,5,1.0,0.8226784452375194,0.9618444950291573,12.60426897461019,0.2154970416323614,0.17763157894736842,4,0.25
1,ii,,7723,0.428,5,5,1.0,0.9990029425487938,0.973376402323037,11.815748688506009,0.0,0.0,,0.0
5,lucene,,105214,0.08600000000000001,5,5,1.0,0.42498644254137374,0.9810060951158126,16.492566681438525,0.0,0.0,,0.0
5,lucene,,107992,0.058,5,5,1.0,0.3243730048855642,0.9936676389117405,15.711763525616098,0.0,0.0,,0.0
5,lucene,,108159,0.107,5,5,1.0,0.8057183349923722,0.9667356059425595,14.531086967542706,0.0,0.0,,0.0
5,lucene,,109009,0.11800000000000001,5,5,1.0,0.6016422711027695,0.9581801637198841,10.75028381172028,0.0,0.0,,0.0
5,lucene,,109970,0.05,5,5,1.0,1.0501029134651825,0.9315869877194646,10.684818934934553,0.0,0.0,,0.0
5,lucene,,111841,0.098,5,5,1.0,0.6471913704840869,0.9753252858231372,12.469480655897856,0.0669754044101944,0.058823529411764705,17,0.058823529411764705
1,ii,,10164,0.488,5,5,1.0,0.4636533492528213,0.976253957834481,12.969480655897856,0.0,0.0,,0.0
5,lucene,,112736,0.046,5,3,0.6,0.8690280158544889,0.7792896288540867,12.2082541375001,0.0,0.0,,0.0
5,lucene,,112948,0.09,5,5,1.0,1.4247928505202356,0.8821658209409752,9.35812753975107,0.0,0.0,,0.0
1,ii,,12721,0.14100000000000001,5,5,1.0,1.067288419168442,1.0,12.739057293322526,0.0,0.0,,0.0
5,lucene,,113540,0.123,5,5,1.0,1.1904089967586127,0.9158858411394009,10.430960369793672,0.0,0.0,,0.0
1,ii,,12930,0.135,5,5,1.0,0.5422675685058674,0.9446541358098971,10.83469233718552,0.0,0.0,,0.0
5,lucene,,113673,0.085,5,5,1.0,0.5284607128153803,0.980551208280004,12.60426897461019,0.3889758343999198,0.5,2,0.5
5,lucene,,113847,0.094,5,4,0.8,0.5304240780822708,0.8743538868781638,11.77371901428583,0.0,0.0,,0.0
5,lucene,,114601,0.124,5,5,1.0,1.1881400835111435,1.0,11.44253606521631,0.0,0.0,,0.0
1,ii,,12999,0.339,5,5,1.0,0.5490181033192301,1.0,14.065748688506009,0.0,0.0,,0.0
5,lucene,,118067,0.106,5,5,1.0,0.6942824972346763,0.9763125270477154,14.430960369793672,0.0,0.0,,0.0
5,lucene,,118482,0.067,5,5,1.0,0.8646939679378587,0.9688105989935477,15.531086967542706,0.12065707335309889,0.16666666666666666,6,0.16666666666666666
1,ii,,13340,0.169,5,5,1.0,1.167064162753315,0.9614133136029296,14.377355000150859,0.0,0.0,,0.0
5,lucene,,119501,0.114,5,5,1.0,1.0527034461164022,0.997038572325327,11.669733851395918,0.0,0.0,,0.0
5,lucene,,120308,0.052000000000000005,5,5,1.0,0.14593204523182676,1.0,15.031086967542706,0.0,0.0,,0.0
5,lucene,,121403,0.038,5,4,0.8,0.3453205346283471,0.9376716645894925,12.9582541375001,0.0,0.0,,0.0
1,ii,,14492,0.221,5,5,1.0,0.6328599262279262,0.9689624061156173,13.565748688506009,0.0,0.0,,0.0
5,lucene,,121612,0.109,5,5,1.0,0.7950911937239329,0.9928779287722987,14.4964252465794,0.0,0.0,,0.0
5,lucene,,122693,0.08,5,5,1.0,1.4975163777419511,0.9177210222421261,10.423592416536797,0.0,0.0,,0.0
1,ii,,16559,0.165,5,5,1.0,0.8468580132032062,0.9960279397101133,16.41587528625504,0.0,0.0,,0.0
5,lucene,,123297,0.11900000000000001,5,4,0.8,0.4027129963139805,0.89154301533458,13.654648767857287,0.07940008155367309,0.07692307692307693,13,0.07692307692307693
5,lucene,,124425,0.11900000000000001,5,5,1.0,0.7850878100730732,0.9837281672692504,11.873212623289701,0.0,0.0,,0.0
5,lucene,,124449,0.092,5,5,1.0,1.0724000553265618,0.9364285044311381,13.766001884004073,0.0,0.0,,0.0
5,lucene,,124454,0.052000000000000005,5,5,1.0,0.24540721256329415,1.0,14.281086967542706,0.0,0.0,,0.0
5,lucene,,126097,0.058,5,5,1.0,0.6372925081250966,0.992039137018908,16.31574868850601,0.0,0.0,,0.0
1,ii,,18115,0.43,5,5,1.0,2.0705781961757572,0.814240868931543,10.169100862650758,0.0,0.0,,0.0
5,lucene,,126249,0.049,5,5,1.0,0.6088111292116049,1.0,15.131213565291738,0.0,0.0,,0.0
5,lucene,,126292,0.041,5,5,1.0,1.5965341606907468,0.8773554673851848,10.65015721397125,0.0,0.0,,0.0
5,lucene,,130446,0.123,5,5,1.0,1.016491848402676,0.9930731979015242,9.93867750007543,0.22482012272371965,0.25,4,0.25
5,lucene,,130517,0.121,5,5,1.0,0.8293753967758829,1.0,15.2464252465794,0.0,0.0,,0.0
1,ii,,18192,0.31,5,5,1.0,0.36033694376842923,0.9932260328371724,14.680960369793672,0.0761107760525562,0.0625,16,0.0625
5,lucene,,130715,0.123,5,5,1.0,0.7177113681149917,1.0,11.754142376861159,0.0,0.0,,0.0
1,ii,,18204,0.169,5,5,1.0,1.224429464940365,0.9970433576722664,11.68867750007543,0.10271134869961009,0.1,10,0.1
5,lucene,,130819,0.106,5,5,1.0,0.6897497487094071,0.945434838014385,13.06189012336513,0.0,0.0,,0.0
5,lucene,,131351,0.11800000000000001,5,5,1.0,0.5792586050564765,0.9692955844584774,14.81189012336513,0.20644138565259237,0.3333333333333333,3,0.3333333333333333
5,lucene,,133047,0.081,5,5,1.0,0.4886135332539596,0.9855847072899561,17.092693279187557,0.05818572656128771,0.045454545454545456,22,0.045454545454545456
5,lucene,,134279,0.091,5,5,1.0,0.8294824855602354,0.9775545161942646,12.565748688506009,0.0,0.0,,0.0
5,lucene,,136037,0.04,5,5,1.0,0.473335173627442,0.9937542227827872,15.930960369793672,0.3118940100645225,1.0,1,1.0
1,ii,,18675,0.461,5,5,1.0,0.5414849514195922,1.0,12.184818934934553,0.0,0.0,,0.0
5,lucene,,136455,0.115,5,5,1.0,0.393652887492277,1.0,13.350410409469312,0.0,0.0,,0.0
5,lucene,,137118,0.111,5,5,1.0,0.4695315886842865,0.9654352922492367,13.965622090756977,0.0,0.0,,0.0
5,lucene,,137227,0.049,5,5,1.0,0.9284657832296526,0.948941363834482,9.292662662965341,0.0,0.0,,0.0
5,lucene,,138072,0.121,5,5,1.0,0.7438014662020298,1.0,10.69253606521631,0.46761591165125055,0.5,2,0.5
5,lucene,,138176,0.031,5,5,1.0,0.4970602817241994,0.9824564897581629,14.00028381172028,0.13573512371605218,0.16666666666666666,6,0.16666666666666666
1,ii,,18877,0.437,5,5,1.0,0.42118959037997405,0.9819499933497221,13.600410409469312,0.0,0.0,,0.0
5,lucene,,138200,0.109,5,5,1.0,0.6586765298334746,0.9707483885212255,11.619354058148824,0.0,0.0,,0.0
1,ii,,19343,0.323,5,5,1.0,0.5481074043954018,0.9737114577531615,16.677101804652793,0.0,0.0,,0.0
1,ii,,20028,0.497,5,5,1.0,0.6059225918151385,1.0,14.635072130432615,0.0,0.0,,0.0
1,ii,,21050,0.145,5,5,1.0,0.7883052873453856,1.0,14.600410409469312,0.0,0.0,,0.0
1,ii,,21058,0.215,5,5,1.0,0.39108769967227514,1.0,14.781086967542706,0.0,0.0,,0.0
1,ii,,21401,0.08600000000000001,5,5,1.0,0.888655709443755,0.983457196291623,13.031086967542706,0.0,0.0,,0.0
1,ii,,22245,0.11,5,5,1.0,0.7339418378325413,0.945499880104736,9.60426897461019,0.0,0.0,,0.0
1,ii,,23068,0.331,5,5,1.0,0.26673675248524986,0.996840167547525,10.934818934934553,0.0,0.0,,0.0
1,ii,,23852,0.223,5,5,1.0,1.2478154026671044,0.961895329429435,8.45762114875494,0.0,0.0,,0.0
1,ii,,24389,0.154,5,5,1.0,0.9538739303674065,0.9613149562399772,12.050030616222216,0.0,0.0,,0.0
1,ii,,27365,0.251,5,5,1.0,0.3234392190147772,0.9951742525761814,13.50028381172028,0.0,0.0,,0.0
1,ii,,27484,0.23500000000000001,5,5,1.0,0.5803146328886455,0.9671045159978477,10.850410409469312,0.0,0.0,,0.0
1,ii,,27735,0.092,5,5,1.0,1.1962306412813741,1.0,17.80803155822425,0.0,0.0,,0.0
1,ii,,28340,0.34600000000000003,5,5,1.0,0.22503149594820127,1.0,13.534945532683583,0.07692694120598183,0.05,20,0.05
1,ii,,31392,0.165,5,5,1.0,0.4119443526380978,0.9862958337928599,13.281086967542706,0.0,0.0,,0.0
1,ii,,31444,0.254,5,5,1.0,0.3416640162434251,1.0,15.7464252465794,0.0,0.0,,0.0
1,ii,,31476,0.28,5,5,1.0,0.8064211949746255,0.9696767330536822,15.127355000150859,0.08940243824669315,0.08333333333333333,12,0.08333333333333333
1,ii,,32780,0.34800000000000003,5,5,1.0,0.49492013258207523,0.9959951874004277,16.281086967542706,0.0,0.0,,0.0
1,ii,,34587,0.343,5,5,1.0,0.818806905562614,0.9727460417173335,9.346268032608155,0.10161192237923275,0.08333333333333333,12,0.08333333333333333
1,ii,,35227,0.358,5,5,1.0,0.7999694486191465,0.9804709952194596,10.053889181363095,0.0,0.0,,0.0
1,ii,,35553,0.21,5,5,1.0,0.36039768155130714,1.0,16.246425246579403,0.3909285073941917,0.3269230769230769,2,0.5
1,ii,,36072,0.14,5,5,1.0,0.751588681499045,0.9755760274852047,15.215622090756977,0.0,0.0,,0.0
1,ii,,38256,0.092,5,5,1.0,0.9198941143114955,0.9359286589414245,13.430960369793672,0.0,0.0,,0.0
1,ii,,38875,0.099,5,5,1.0,1.0210888266677738,0.8999740638426665,13.842693279187555,0.0,0.0,,0.0
1,ii,,40618,0.297,5,5,1.0,0.5261340065490278,0.9546318038144082,11.25028381172028,0.0,0.0,,0.0
1,ii,,41518,0.19,5,5,1.0,0.5587314346959343,0.9706707279969333,14.381213565291738,0.16332812116053133,0.125,6,0.16666666666666666
1,ii,,42053,0.155,5,5,1.0,0.9338068856618532,0.9875125317551032,13.40015721397125,0.0,0.0,,0.0
1,ii,,42245,0.322,5,5,1.0,1.3360921274656214,0.8592981236475269,10.430960369793672,0.09525215476295498,0.09090909090909091,11,0.09090909090909091
1,ii,,42399,0.271,5,5,1.0,0.6580606236063756,0.9668883171753759,14.600410409469312,0.0,0.0,,0.0
1,ii,,43604,0.127,5,5,1.0,0.8347835513944808,1.0,14.16587528625504,0.07941620106535686,0.0625,16,0.0625
1,ii,,43618,0.279,5,5,1.0,0.7441428234809903,0.9236319006003894,13.162016721114163,0.0,0.0,,0.0
1,ii,,43649,0.08600000000000001,5,5,1.0,1.0734648594508291,0.9881347998251931,16.677101804652793,0.0,0.0,,0.0
1,ii,,44086,0.20700000000000002,5,5,1.0,1.1257154183297955,0.8745267283557964,12.492566681438523,0.0,0.0,,0.0
1,ii,,45153,0.134,5,5,1.0,0.7399669702610504,0.9835532126344431,14.950537007218344,0.0,0.0,,0.0
1,ii,,45182,0.403,5,5,1.0,0.7840833297287836,0.9392927142450949,13.446678442077467,0.06700661538175082,0.05555555555555555,18,0.05555555555555555
1,ii,,45461,0.977,5,5,1.0,0.6098528025989212,0.979538163945184,13.81189012336513,0.0,0.0,,0.0
1,ii,,45537,0.445,5,5,1.0,1.230280654738383,0.8612435917010562,8.404015779112125,0.0,0.0,,0.0
1,ii,,45811,1.111,5,5,1.0,0.8023809938309577,0.971210487253925,12.450537007218344,0.0,0.0,,0.0
1,ii,,46392,0.466,5,5,1.0,0.44751899015820285,1.0,15.031086967542706,0.0,0.0,,0.0
1,ii,,47150,0.641,5,5,1.0,1.0221163569024525,0.9117690389835788,13.796172051081339,0.0,0.0,,0.0
1,ii,,47414,0.654,5,5,1.0,0.5638707240689602,0.9704021156443288,12.100410409469312,0.08019580186180543,0.0625,16,0.0625
1,ii,,47866,0.546,5,5,1.0,0.529032068697769,0.965470915702533,10.319607253646886,0.0,0.0,,0.0
1,ii,,48838,0.733,5,5,1.0,0.9361616632671487,0.992242282421014,16.746425246579403,0.0,0.0,,0.0
1,ii,,49129,0.585,5,5,1.0,0.8967403242786961,0.9969116391939461,11.18867750007543,0.0,0.0,,0.0
1,ii,,49531,0.224,5,5,1.0,0.2679163479007608,1.0,16.87735500015086,0.4294163703768553,0.4083333333333334,1,1.0
1,ii,,49830,0.637,5,5,1.0,0.3719927047931359,0.9978078698566161,15.777228402401827,0.10137512526838628,0.14285714285714285,7,0.14285714285714285
1,ii,,50019,0.336,5,5,1.0,0.9046727693868727,0.961102416560008,12.35426897461019,0.07970240245944109,0.047619047619047616,21,0.047619047619047616
1,ii,,51539,0.296,5,5,1.0,1.1198579874559937,0.9820844981279448,13.704395572359223,0.0,0.0,,0.0
1,ii,,51549,0.461,5,5,1.0,1.0076469743372372,0.9659162187218262,14.169733851395918,0.0967701227517973,0.1111111111111111,9,0.1111111111111111
1,ii,,53578,0.265,5,5,1.0,0.5483807083806613,0.9672225770943947,15.777228402401827,0.0,0.0,,0.0
1,ii,,53859,0.375,5,5,1.0,0.6424745030269288,0.988711067326514,16.162016721114163,0.0,0.0,,0.0
1,ii,,54114,0.188,5,5,1.0,0.977138944342725,0.91554002759568,14.677101804652795,0.0,0.0,,0.0
1,ii,,55593,0.23,5,5,1.0,0.695349659090698,0.9953209626199728,14.7464252465794,0.0,0.0,,0.0
5,lucene-svd-blend,0.9,370,8.961,5,5,1.0,0.379644884800194,0.9890235350183615,16.62735500015086,0.0,0.0,,0.0
5,lucene-svd-blend,1.0,370,8.993,5,5,1.0,0.3591918956871456,1.0,16.81189012336513,0.0,0.0,,0.0
1,ii,,55704,0.44,5,5,1.0,0.7681716986568683,1.0,15.7464252465794,0.07971607750798937,0.08333333333333333,12,0.08333333333333333
1,ii,,56246,0.331,5,5,1.0,0.5563768653950669,0.9495395681522487,11.365495493007945,0.0,0.0,,0.0
1,ii,,57866,0.272,5,5,1.0,0.7256338900979915,0.9733218632364586,11.65015721397125,0.0,0.0,,0.0
1,ii,,57916,0.327,5,5,1.0,1.1364849302403566,0.9959213601133932,15.985198728181647,0.16625959573127527,0.10427807486631016,11,0.09090909090909091
1,ii,,58579,0.24,5,5,1.0,0.5006878122556447,0.9621236013632298,14.461763525616098,0.0,0.0,,0.0
1,ii,,60022,0.402,5,5,1.0,0.8797443111882414,0.9264243991773524,11.815748688506009,0.0,0.0,,0.0
1,ii,,60710,0.41500000000000004,5,5,1.0,0.4487054876836499,1.0,11.469480655897856,0.0,0.0,,0.0
1,ii,,61276,0.267,5,5,1.0,1.2360905979366983,0.9962023172332388,9.092409467467276,0.0,0.0,,0.0
1,ii,,62046,0.402,5,5,1.0,0.7193538219000436,0.9530037804541798,13.881213565291738,0.0,0.0,,0.0
5,lucene-svd-blend,0.9,910,2.9130000000000003,5,5,1.0,0.5019758589008875,0.9745936878147816,13.430960369793672,0.0,0.0,,0.0
5,lucene-svd-blend,1.0,910,2.969,5,5,1.0,0.4978287977952097,0.9745936878147816,13.430960369793672,0.0,0.0,,0.0
1,ii,,63551,0.406,5,5,1.0,0.5578979694257444,0.9599415491175431,15.211763525616098,0.0,0.0,,0.0
1,ii,,64655,0.504,5,5,1.0,0.7202601690605249,0.9676102362365231,13.096551844328435,0.0,0.0,,0.0
1,ii,,66362,0.905,5,5,1.0,0.41255599876648513,1.0,11.219480655897856,0.0,0.0,,0.0
5,lucene-svd-blend,0.9,975,1.819,5,5,1.0,0.44499694935429085,0.9890281712398533,12.15015721397125,0.0,0.0,,0.0
5,lucene-svd-blend,1.0,975,1.805,5,5,1.0,0.4484333129715469,0.9890281712398533,12.15015721397125,0.0,0.0,,0.0
1,ii,,66402,0.164,5,5,1.0,1.5963512021213722,0.925289905780457,6.1925360652163075,0.0,0.0,,0.0
1,ii,,67584,0.41600000000000004,5,5,1.0,1.8307452310523766,0.9393987784320553,13.968847667152694,0.0,0.0,,0.0
1,ii,,67608,0.233,5,5,1.0,1.0303332409149721,0.9176791583237095,12.65015721397125,0.0,0.0,,0.0
1,ii,,67615,0.332,5,5,1.0,0.5365397415482118,0.9762366763382476,15.162016721114163,0.0,0.0,,0.0
5,lucene-svd-blend,0.9,1015,1.302,5,5,1.0,0.8644442226768158,0.9192472523290144,12.961763525616098,0.0,0.0,,0.0
5,lucene-svd-blend,1.0,1015,1.323,5,5,1.0,0.8773361422715895,0.9192472523290144,12.961763525616098,0.0,0.0,,0.0
1,ii,,67683,0.467,5,5,1.0,0.7975804694633801,0.9927344919900112,13.680960369793672,0.0,0.0,,0.0
1,ii,,69256,0.374,5,5,1.0,0.7115729263726054,0.9698211957949806,12.365495493007945,0.0,0.0,,0.0
1,ii,,69335,0.459,5,5,1.0,0.4816514868773218,0.9976146505047608,14.4964252465794,0.0,0.0,,0.0
5,lucene-svd-blend,0.9,3029,1.2550000000000001,5,5,1.0,0.5960133079280885,0.936547452565194,9.369354058148824,0.0,0.0,,0.0
5,lucene-svd-blend,1.0,3029,1.232,5,5,1.0,0.592097416238858,0.936547452565194,9.369354058148824,0.0,0.0,,0.0
1,ii,,70201,0.555,5,5,1.0,0.33749527304567095,1.0,11.504142376861159,0.12385353916498079,0.14285714285714285,7,0.14285714285714285
5,lucene-svd-blend,0.9,7541,0.463,5,5,1.0,0.6827433755174744,0.9734735694957938,15.946678442077467,0.0,0.0,,0.0
5,lucene-svd-blend,1.0,7541,0.47300000000000003,5,5,1.0,0.7089266507133315,0.9734735694957938,15.946678442077467,0.0,0.0,,0.0
1,ii,,70905,0.419,5,5,1.0,0.5341776390080347,0.9619616047763365,10.989057293322526,0.0,0.0,,0.0
5,lucene-svd-blend,0.9,8527,0.427,5,5,1.0,0.6908941843355272,1.0,16.946678442077467,0.0,0.0,,0.0
5,lucene-svd-blend,1.0,8527,0.443,5,5,1.0,0.6863974339347837,1.0,16.946678442077467,0.0,0.0,,0.0
1,ii,,73746,0.195,5,5,1.0,1.330605143102109,0.934106858729797,11.446678442077467,0.23488614104582428,0.13377363377363377,9,0.1111111111111111
1,ii,,76008,0.485,5,5,1.0,0.4395186094469546,0.9664789002798744,14.527228402401827,0.1563653783752514,0.12142857142857143,7,0.14285714285714285
1,ii,,79601,0.595,5,5,1.0,0.8125197556121468,0.97525729067111,13.053889181363095,0.0,0.0,,0.0
1,ii,,81435,0.188,5,5,1.0,0.5957721045251878,0.9822263282576426,13.815748688506009,0.20185088998437964,0.3333333333333333,3,0.3333333333333333
1,ii,,81783,0.369,5,5,1.0,0.6853988052469895,1.0,16.946678442077467,0.06717252866840945,0.047619047619047616,21,0.047619047619047616
5,lucene-svd-blend,0.9,8932,1.858,5,5,1.0,0.796913579841991,0.9911497518447079,15.527228402401827,0.0,0.0,,0.0
5,lucene-svd-blend,1.0,8932,1.866,5,5,1.0,0.8105573265465361,0.9744344708688237,15.265368895258913,0.0,0.0,,0.0
1,ii,,82472,0.281,5,5,1.0,0.5017691376030007,0.9900056754346553,12.969480655897856,0.0,0.0,,0.0
1,ii,,83182,0.296,5,5,1.0,0.7905414087107506,0.9481529383738551,13.715622090756977,0.0,0.0,,0.0
5,lucene-svd-blend,0.9,9263,0.754,5,5,1.0,0.8166804957465142,0.9959009358215654,16.842693279187557,0.0,0.0,,0.0
5,lucene-svd-blend,1.0,9263,0.8130000000000001,5,5,1.0,0.8304405976017254,0.9959009358215654,16.842693279187557,0.0,0.0,,0.0
1,ii,,83507,0.481,5,5,1.0,0.7841387969786998,0.9528941877700732,11.43867750007543,0.0,0.0,,0.0
1,ii,,84598,0.20500000000000002,5,5,1.0,1.6380425455729688,0.9483977624109015,11.607494551005908,0.0,0.0,,0.0
1,ii,,85249,0.41100000000000003,5,5,1.0,0.6340748676276708,1.0,12.034945532683583,0.0,0.0,,0.0
1,ii,,86784,0.249,5,5,1.0,0.5180870878393233,0.9932260328371724,14.680960369793672,0.0,0.0,,0.0
1,ii,,88738,0.604,5,5,1.0,1.2001329108383683,0.991818639603796,16.80803155822425,0.2950430680023606,0.5,2,0.5
5,lucene-svd-blend,0.9,11081,1.92,5,5,1.0,0.38172722647087226,1.0,7.758000942002036,0.0,0.0,,0.0
5,lucene-svd-blend,1.0,11081,1.858,5,5,1.0,0.3945215551256058,1.0,7.758000942002036,0.0,0.0,,0.0
1,ii,,88857,0.385,5,5,1.0,0.6864063073417676,0.9422399897754292,15.308031558224252,0.0,0.0,,0.0
5,ii-svd-blend,1.0,370,2.102,5,5,1.0,0.3591918956871456,1.0,16.81189012336513,0.0,0.0,,0.0
1,ii,,90453,0.334,5,5,1.0,0.31244460864663154,1.0,13.565748688506009,0.0,0.0,,0.0
1,ii,,91973,0.296,5,5,1.0,1.1923427172941539,1.0,13.454395572359223,0.0,0.0,,0.0
1,ii,,94175,0.541,5,5,1.0,0.5254628030957909,1.0,10.538804097824462,0.0,0.0,,0.0
5,lucene-svd-blend,0.9,11513,1.389,5,5,1.0,0.8380665125455934,0.9366624186138395,13.877355000150859,0.09616987830911741,0.14285714285714285,7,0.14285714285714285
5,lucene-svd-blend,1.0,11513,1.374,5,5,1.0,0.8500388235644551,0.9366624186138395,13.877355000150859,0.10444367419235728,0.16666666666666666,6,0.16666666666666666
1,ii,,96482,0.548,5,5,1.0,0.7545369558168276,0.955680041432667,14.096551844328435,0.0812907973938716,0.05555555555555555,18,0.05555555555555555
1,ii,,97384,0.334,5,5,1.0,0.3013299892565176,0.9838193210984889,17.30803155822425,0.07680408853231582,0.07692307692307693,13,0.07692307692307693
1,ii,,99477,0.295,5,5,1.0,0.8450433640885342,0.9876569568621398,14.766001884004073,0.0,0.0,,0.0
1,ii,,100540,0.325,5,5,1.0,0.6288541319829024,0.9919702672058219,12.369354058148824,0.0,0.0,,0.0
5,ii-svd-blend,1.0,910,2.669,5,5,1.0,0.4978287977952097,0.9745936878147816,13.430960369793672,0.0,0.0,,0.0
5,lucene-svd-blend,0.9,11843,1.691,5,5,1.0,0.9252309052414238,1.0,11.954395572359223,0.10555611109779299,0.1111111111111111,9,0.1111111111111111
1,ii,,101004,0.248,5,5,1.0,0.7059426061114806,0.9949658443526261,12.93867750007543,0.0,0.0,,0.0
5,lucene-svd-blend,1.0,11843,1.731,5,5,1.0,0.9461548883010835,1.0,11.954395572359223,0.12944286639770125,0.16666666666666666,6,0.16666666666666666
1,ii,,101137,0.39,5,5,1.0,0.628215374353973,0.9929737120276383,14.15015721397125,0.0,0.0,,0.0
1,ii,,101379,0.405,5,5,1.0,0.9605157530421589,0.9356428377397968,9.504142376861159,0.0,0.0,,0.0
1,ii,,101785,0.539,5,5,1.0,0.38939657555097723,0.9854170995982594,14.81189012336513,0.0,0.0,,0.0
5,ii-svd-blend,1.0,975,1.539,5,5,1.0,0.4484333129715469,0.9890281712398533,12.15015721397125,0.0,0.0,,0.0
5,lucene-svd-blend,0.9,12271,1.676,5,5,1.0,0.9104362327949231,0.955970344404516,12.019860449144952,0.0,0.0,,0.0
1,ii,,101921,0.363,5,5,1.0,1.1246461985538838,0.8722917130621494,12.242566681438523,0.0,0.0,,0.0
5,lucene-svd-blend,1.0,12271,1.6520000000000001,5,5,1.0,0.9004457179045848,0.955970344404516,12.019860449144952,0.0,0.0,,0.0
1,ii,,101952,0.21,5,5,1.0,0.2705471376696569,1.0,14.065748688506009,0.0,0.0,,0.0
5,lucene-svd-blend,0.9,12882,0.578,5,5,1.0,0.5439938070336675,0.9888344785513188,16.342693279187557,0.09698736551333392,0.14285714285714285,7,0.14285714285714285
5,lucene-svd-blend,1.0,12882,0.5760000000000001,5,5,1.0,0.5715883631051375,0.9888344785513188,16.342693279187557,0.10533149238153258,0.16666666666666666,6,0.16666666666666666
1,ii,,102853,0.555,5,5,1.0,0.26698645778385444,0.9947629287645176,12.434818934934553,0.0,0.0,,0.0
1,ii,,103667,0.34800000000000003,5,5,1.0,0.657895213619424,0.9572195375381094,14.627355000150859,0.0,0.0,,0.0
5,lucene-svd-blend,0.9,12947,0.757,5,5,1.0,0.4687861614372254,0.9977682359878776,15.4964252465794,0.0,0.0,,0.0
1,ii,,103754,0.196,5,5,1.0,1.5029786144252728,0.8979746368129009,12.527228402401827,0.04778788560768072,0.125,8,0.125
5,ii-svd-blend,1.0,1015,1.6500000000000001,5,5,1.0,0.8773361422715895,0.9192472523290144,12.961763525616098,0.0,0.0,,0.0
5,lucene-svd-blend,1.0,12947,0.773,5,5,1.0,0.470064423343715,0.9977682359878776,15.4964252465794,0.0,0.0,,0.0
1,ii,,104397,0.432,5,5,1.0,0.43321951995761093,0.9959951874004277,16.281086967542706,0.0,0.0,,0.0
1,ii,,104508,0.4,5,5,1.0,0.3108749640078874,1.0,11.684818934934553,0.0,0.0,,0.0
1,ii,,104732,0.183,5,5,1.0,0.4437634699099771,0.9656244886491899,15.992566681438523,0.0,0.0,,0.0
5,lucene-svd-blend,0.9,13215,1.3860000000000001,5,5,1.0,0.49862360594887006,0.9974855380544579,13.75028381172028,0.108814358130292,0.125,8,0.125
5,lucene-svd-blend,1.0,13215,1.362,5,5,1.0,0.5036475069634208,0.9974855380544579,13.75028381172028,0.12628541973038465,0.16666666666666666,6,0.16666666666666666
1,ii,,104887,0.456,5,5,1.0,0.5905139298431457,0.9483852245007102,8.27308602554067,0.0,0.0,,0.0
1,ii,,104958,0.295,5,5,1.0,1.2723354902179296,0.9049403518620498,12.446678442077467,0.0,0.0,,0.0
5,ii-svd-blend,1.0,3029,1.804,5,5,1.0,0.592097416238858,0.936547452565194,9.369354058148824,0.0,0.0,,0.0
1,ii,,105841,0.165,5,5,1.0,1.2816560682217433,0.951763248324351,11.85363598586503,0.0,0.0,,0.0
1,ii,,106236,0.328,5,5,1.0,0.48554609950402017,0.9754462037758486,14.662016721114163,0.0,0.0,,0.0
5,lucene-svd-blend,0.9,13665,0.9480000000000001,5,5,1.0,0.7862067284859294,0.9914512991669996,15.184818934934553,0.10882045014994587,0.125,8,0.125
5,lucene-svd-blend,1.0,13665,0.9590000000000001,5,5,1.0,0.7795097116466367,0.9914512991669996,15.184818934934553,0.10882045014994587,0.125,8,0.125
5,ii-svd-blend,1.0,7541,0.777,5,5,1.0,0.7089266507133315,0.9734735694957938,15.946678442077467,0.0,0.0,,0.0
1,ii,,106537,0.386,5,5,1.0,0.8494543044211128,1.0,12.254142376861159,0.0,0.0,,0.0
1,ii,,110773,0.404,5,5,1.0,0.7686226527566001,0.9357785906418749,14.627355000150859,0.0,0.0,,0.0
5,lucene-svd-blend,0.9,13920,0.93,5,5,1.0,0.9704703565596448,0.9346069944948124,14.842693279187555,0.0,0.0,,0.0
5,lucene-svd-blend,1.0,13920,0.917,5,5,1.0,0.9796035980112962,0.9346069944948124,14.842693279187555,0.0,0.0,,0.0
1,ii,,111206,0.298,5,5,1.0,0.7136249165062059,0.9411754108422264,13.412016721114163,0.08449796499249965,0.1,10,0.1
5,ii-svd-blend,1.0,8527,0.845,5,5,1.0,0.6863974339347837,1.0,16.946678442077467,0.0,0.0,,0.0
1,ii,,111416,0.301,5,5,1.0,0.9438106997897063,0.9735759171105955,12.90015721397125,0.07547008156274128,0.0625,16,0.0625
1,ii,,113518,0.328,5,5,1.0,0.4474440832837827,0.9858430460831945,12.850410409469312,0.0,0.0,,0.0
5,lucene-svd-blend,0.9,14328,0.995,5,5,1.0,0.622789777217225,0.9976939977103352,14.9964252465794,0.0,0.0,,0.0
1,ii,,113645,0.35100000000000003,5,5,1.0,0.4110415012790414,1.0,12.184818934934553,0.0,0.0,,0.0
5,lucene-svd-blend,1.0,14328,1.008,5,5,1.0,0.6508176495133332,0.9976939977103352,14.9964252465794,0.0,0.0,,0.0
1,ii,,116220,0.789,5,5,1.0,1.0894770938266447,1.0,12.323465818787767,0.0,0.0,,0.0
1,ii,,116420,0.294,5,5,1.0,0.9817689680235296,0.9882735835686266,11.684818934934553,0.21345001989819098,0.3333333333333333,3,0.3333333333333333
5,lucene-svd-blend,0.9,15415,1.294,5,5,1.0,0.8334051956558135,0.9583974443042691,13.115495493007945,0.0,0.0,,0.0
5,lucene-svd-blend,1.0,15415,1.309,5,5,1.0,0.8891092055901109,0.9583974443042691,13.115495493007945,0.0,0.0,,0.0
1,ii,,116550,0.28200000000000003,5,5,1.0,0.5181656083331838,0.9748193096780593,14.896298648830369,0.0,0.0,,0.0
1,ii,,117144,0.5660000000000001,5,5,1.0,0.5859969040025335,0.9951575398929525,14.2464252465794,0.0,0.0,,0.0
5,lucene-svd-blend,0.9,16766,0.87,5,5,1.0,1.0745732135329726,0.9918150247843235,12.600410409469312,0.0,0.0,,0.0
5,lucene-svd-blend,1.0,16766,0.887,5,5,1.0,1.0570866234603955,0.9918150247843235,12.600410409469312,0.0,0.0,,0.0
5,ii-svd-blend,1.0,8932,3.124,5,5,1.0,0.8105573265465361,0.9744344708688237,15.265368895258913,0.0,0.0,,0.0
1,ii,,117493,0.332,5,5,1.0,0.5765909771697745,0.9754462037758486,14.662016721114163,0.0,0.0,,0.0
1,ii,,119197,0.462,5,5,1.0,0.29299732637559744,1.0,15.2464252465794,0.0,0.0,,0.0
1,ii,,119522,0.248,5,5,1.0,0.8524470867785656,0.9840063601616249,15.381213565291738,0.0,0.0,,0.0
5,lucene-svd-blend,0.9,17709,0.978,5,5,1.0,0.39927541497498126,0.9871096421689469,14.131213565291738,0.0,0.0,,0.0
5,lucene-svd-blend,1.0,17709,0.992,5,5,1.0,0.4003585621562783,0.9871096421689469,14.131213565291738,0.0,0.0,,0.0
1,ii,,119625,0.255,5,5,1.0,0.4622384735040979,0.9822263282576426,13.815748688506009,0.0,0.0,,0.0
1,ii,,120907,0.20400000000000001,5,5,1.0,0.7042085290877749,0.9685848254646855,15.41587528625504,0.0,0.0,,0.0
5,ii-svd-blend,1.0,9263,1.331,5,5,1.0,0.8304405976017254,0.9959009358215654,16.842693279187557,0.0,0.0,,0.0
1,ii,,121290,0.214,5,5,1.0,0.8062403506793607,0.9932118866981073,14.65015721397125,0.0,0.0,,0.0
5,lucene-svd-blend,0.9,18634,0.9440000000000001,5,5,1.0,0.3123581489223479,1.0,14.065748688506009,0.0,0.0,,0.0
1,ii,,121303,0.405,5,5,1.0,1.0517097599680691,1.0,13.419733851395918,0.0,0.0,,0.0
5,lucene-svd-blend,1.0,18634,0.932,5,5,1.0,0.29824093648630773,1.0,14.065748688506009,0.0,0.0,,0.0
1,ii,,121987,0.253,5,5,1.0,0.3703494433201295,0.9976939977103352,14.9964252465794,0.0,0.0,,0.0
